[
    {
        "id": 1,
        "summary": "Python Developer Interview",
        "desc": "Technical Assessment",
        "start": "2025-03-07T10:00:00+05:30",
        "end": "2025-03-07T11:00:00+05:30",
        "attendees": null,
        "status": null,
        "comment": null,
        "score": {
            "P": 8
        },
        "link": "https://meet.google.com/abc-defg-hij",
        "user_det": {
            "id": 1,
            "question_score": null,
            "status": null,
            "candidate": {
                "id": 1,
                "candidate_firstName": "Rahul",
                "candidate_lastName": "Sharma",
                "candidateGender": "male",
                "candidateComment": "",
                "candidate_email": "rahul.sharma@example.com"
            },
            "handled_by": {
                "id": 3,
                "last_login": null,
                "userEmail": "priya_hr@dataterrain.com",
                "username": "priya_hr",
                "firstName": "Priya",
                "lastName": "HR",
                "userRole": "hr_employee"
            },
            "job_id": {
                "id": 12,
                "jobRequest_Title": "Python developer",
                "jobRequest_Role": "software engineer",
                "jobRequest_KeySkills": "Python, Flask, Django",
                "jobRequest_Description": "Experienced Python developer needed for backend development"
            }
        },
        "job_id": {
            "id": 12,
            "jobRequest_Title": "Python developer",
            "jobRequest_Role": "software engineer",
            "jobRequest_KeySkills": "Python, Flask, Django",
            "jobRequest_Description": "Experienced Python developer needed for backend development"
        }
    },
    {
        "id": 2,
        "summary": "Django Developer Interview",
        "desc": "Technical Round",
        "start": "2025-03-07T14:00:00+05:30",
        "end": "2025-03-07T15:00:00+05:30",
        "attendees": null,
        "status": null,
        "comment": null,
        "score": {
            "p": 7
        },
        "link": "https://meet.google.com/jkl-mnop-qrs",
        "user_det": {
            "id": 2,
            "question_score": null,
            "status": null,
            "candidate": {
                "id": 2,
                "candidate_firstName": "Ananya",
                "candidate_lastName": "Patel",
                "candidateGender": "female",
                "candidateComment": "",
                "candidate_email": "ananya.patel@example.com"
            },
            "handled_by": {
                "id": 4,
                "last_login": null,
                "userEmail": "amit_hr@dataterrain.com",
                "username": "amit_hr",
                "firstName": "Amit",
                "lastName": "HR",
                "userRole": "hr_employee"
            },
            "job_id": {
                "id": 11,
                "jobRequest_Title": "django developer",
                "jobRequest_Role": "software engineer",
                "jobRequest_KeySkills": "django",
                "jobRequest_Description": "Experienced Django developer needed for web application development"
            }
        },
        "job_id": {
            "id": 11,
            "jobRequest_Title": "django developer",
            "jobRequest_Role": "software engineer",
            "jobRequest_KeySkills": "django",
            "jobRequest_Description": "Experienced Django developer needed for web application development"
        }
    },
    {
        "id": 3,
        "summary": "React Developer Interview",
        "desc": "Final Round",
        "start": "2025-03-07T17:00:00+05:30",
        "end": "2025-03-07T18:00:00+05:30",
        "attendees": null,
        "status": null,
        "comment": null,
        "score": {
            "o": 9
        },
        "link": "https://meet.google.com/tuv-wxyz-123",
        "user_det": {
            "id": 3,
            "question_score": null,
            "status": null,
            "candidate": {
                "id": 3,
                "candidate_firstName": "Vikram",
                "candidate_lastName": "Singh",
                "candidateGender": "male",
                "candidateComment": "",
                "candidate_email": "vikram.singh@example.com"
            },
            "handled_by": {
                "id": 5,
                "last_login": null,
                "userEmail": "neha_hr@dataterrain.com",
                "username": "neha_hr",
                "firstName": "Neha",
                "lastName": "HR",
                "userRole": "hr_employee"
            },
            "job_id": {
                "id": 13,
                "jobRequest_Title": "React developer",
                "jobRequest_Role": "frontend engineer",
                "jobRequest_KeySkills": "React, JavaScript, CSS",
                "jobRequest_Description": "Experienced React developer needed for frontend development"
            }
        },
        "job_id": {
            "id": 13,
            "jobRequest_Title": "React developer",
            "jobRequest_Role": "frontend engineer",
            "jobRequest_KeySkills": "React, JavaScript, CSS",
            "jobRequest_Description": "Experienced React developer needed for frontend development"
        }
    },
    {
        "id": 4,
        "summary": "Node.js Developer Interview",
        "desc": "Technical Round",
        "start": "2025-03-07T11:30:00+05:30",
        "end": "2025-03-07T12:30:00+05:30",
        "attendees": null,
        "status": null,
        "comment": null,
        "score": {
            "P": 7
        },
        "link": "https://meet.google.com/456-789-abc",
        "user_det": {
            "id": 4,
            "question_score": null,
            "status": null,
            "candidate": {
                "id": 4,
                "candidate_firstName": "Arjun",
                "candidate_lastName": "Kumar",
                "candidateGender": "male",
                "candidateComment": "",
                "candidate_email": "arjun.kumar@example.com"
            },
            "handled_by": {
                "id": 3,
                "last_login": null,
                "userEmail": "priya_hr@dataterrain.com",
                "username": "priya_hr",
                "firstName": "Priya",
                "lastName": "HR",
                "userRole": "hr_employee"
            },
            "job_id": {
                "id": 14,
                "jobRequest_Title": "Node.js developer",
                "jobRequest_Role": "backend engineer",
                "jobRequest_KeySkills": "Node.js, Express, MongoDB",
                "jobRequest_Description": "Experienced Node.js developer needed for backend development"
            }
        },
        "job_id": {
            "id": 14,
            "jobRequest_Title": "Node.js developer",
            "jobRequest_Role": "backend engineer",
            "jobRequest_KeySkills": "Node.js, Express, MongoDB",
            "jobRequest_Description": "Experienced Node.js developer needed for backend development"
        }
    },
    {
        "id": 5,
        "summary": "Full Stack Developer Interview",
        "desc": "Initial Screening",
        "start": "2025-03-03T10:00:00+05:30",
        "end": "2025-03-03T11:00:00+05:30",
        "attendees": null,
        "status": null,
        "comment": null,
        "score": {
            "P": 8
        },
        "link": "https://meet.google.com/def-ghi-jkl",
        "user_det": {
            "id": 5,
            "question_score": null,
            "status": null,
            "candidate": {
                "id": 5,
                "candidate_firstName": "Meera",
                "candidate_lastName": "Reddy",
                "candidateGender": "female",
                "candidateComment": "",
                "candidate_email": "meera.reddy@example.com"
            },
            "handled_by": {
                "id": 4,
                "last_login": null,
                "userEmail": "amit_hr@dataterrain.com",
                "username": "amit_hr",
                "firstName": "Amit",
                "lastName": "HR",
                "userRole": "hr_employee"
            },
            "job_id": {
                "id": 15,
                "jobRequest_Title": "Full Stack developer",
                "jobRequest_Role": "software engineer",
                "jobRequest_KeySkills": "React, Node.js, MongoDB",
                "jobRequest_Description": "Experienced Full Stack developer needed for web application development"
            }
        },
        "job_id": {
            "id": 15,
            "jobRequest_Title": "Full Stack developer",
            "jobRequest_Role": "software engineer",
            "jobRequest_KeySkills": "React, Node.js, MongoDB",
            "jobRequest_Description": "Experienced Full Stack developer needed for web application development"
        }
    },
    {
        "id": 6,
        "summary": "DevOps Engineer Interview",
        "desc": "Technical Assessment",
        "start": "2025-03-04T14:00:00+05:30",
        "end": "2025-03-04T15:00:00+05:30",
        "attendees": null,
        "status": null,
        "comment": null,
        "score": {
            "p": 7
        },
        "link": "https://meet.google.com/mno-pqr-stu",
        "user_det": {
            "id": 6,
            "question_score": null,
            "status": null,
            "candidate": {
                "id": 6,
                "candidate_firstName": "Rajesh",
                "candidate_lastName": "Gupta",
                "candidateGender": "male",
                "candidateComment": "",
                "candidate_email": "rajesh.gupta@example.com"
            },
            "handled_by": {
                "id": 5,
                "last_login": null,
                "userEmail": "neha_hr@dataterrain.com",
                "username": "neha_hr",
                "firstName": "Neha",
                "lastName": "HR",
                "userRole": "hr_employee"
            },
            "job_id": {
                "id": 16,
                "jobRequest_Title": "DevOps Engineer",
                "jobRequest_Role": "operations engineer",
                "jobRequest_KeySkills": "Docker, Kubernetes, AWS",
                "jobRequest_Description": "Experienced DevOps engineer needed for infrastructure management"
            }
        },
        "job_id": {
            "id": 16,
            "jobRequest_Title": "DevOps Engineer",
            "jobRequest_Role": "operations engineer",
            "jobRequest_KeySkills": "Docker, Kubernetes, AWS",
            "jobRequest_Description": "Experienced DevOps engineer needed for infrastructure management"
        }
    },
    {
        "id": 7,
        "summary": "UI/UX Designer Interview",
        "desc": "Portfolio Review",
        "start": "2025-03-05T11:00:00+05:30",
        "end": "2025-03-05T12:00:00+05:30",
        "attendees": null,
        "status": null,
        "comment": null,
        "score": {
            "o": 8
        },
        "link": "https://meet.google.com/vwx-yza-bcd",
        "user_det": {
            "id": 7,
            "question_score": null,
            "status": null,
            "candidate": {
                "id": 7,
                "candidate_firstName": "Priya",
                "candidate_lastName": "Verma",
                "candidateGender": "female",
                "candidateComment": "",
                "candidate_email": "priya.verma@example.com"
            },
            "handled_by": {
                "id": 3,
                "last_login": null,
                "userEmail": "priya_hr@dataterrain.com",
                "username": "priya_hr",
                "firstName": "Priya",
                "lastName": "HR",
                "userRole": "hr_employee"
            },
            "job_id": {
                "id": 17,
                "jobRequest_Title": "UI/UX Designer",
                "jobRequest_Role": "design engineer",
                "jobRequest_KeySkills": "Figma, Adobe XD, UI/UX",
                "jobRequest_Description": "Experienced UI/UX designer needed for product design"
            }
        },
        "job_id": {
            "id": 17,
            "jobRequest_Title": "UI/UX Designer",
            "jobRequest_Role": "design engineer",
            "jobRequest_KeySkills": "Figma, Adobe XD, UI/UX",
            "jobRequest_Description": "Experienced UI/UX designer needed for product design"
        }
    },
    {
        "id": 8,
        "summary": "Data Scientist Interview",
        "desc": "Technical Round",
        "start": "2025-03-06T15:00:00+05:30",
        "end": "2025-03-06T16:00:00+05:30",
        "attendees": null,
        "status": null,
        "comment": null,
        "score": {
            "P": 9
        },
        "link": "https://meet.google.com/efg-hij-klm",
        "user_det": {
            "id": 8,
            "question_score": null,
            "status": null,
            "candidate": {
                "id": 8,
                "candidate_firstName": "Aditya",
                "candidate_lastName": "Joshi",
                "candidateGender": "male",
                "candidateComment": "",
                "candidate_email": "aditya.joshi@example.com"
            },
            "handled_by": {
                "id": 4,
                "last_login": null,
                "userEmail": "amit_hr@dataterrain.com",
                "username": "amit_hr",
                "firstName": "Amit",
                "lastName": "HR",
                "userRole": "hr_employee"
            },
            "job_id": {
                "id": 18,
                "jobRequest_Title": "Data Scientist",
                "jobRequest_Role": "data engineer",
                "jobRequest_KeySkills": "Python, Machine Learning, SQL",
                "jobRequest_Description": "Experienced Data Scientist needed for analytics team"
            }
        },
        "job_id": {
            "id": 18,
            "jobRequest_Title": "Data Scientist",
            "jobRequest_Role": "data engineer",
            "jobRequest_KeySkills": "Python, Machine Learning, SQL",
            "jobRequest_Description": "Experienced Data Scientist needed for analytics team"
        }
    },
    {
        "id": 9,
        "summary": "QA Engineer Interview",
        "desc": "Technical Assessment",
        "start": "2025-03-08T10:30:00+05:30",
        "end": "2025-03-08T11:30:00+05:30",
        "attendees": null,
        "status": null,
        "comment": null,
        "score": {
            "p": 7
        },
        "link": "https://meet.google.com/nop-qrs-tuv",
        "user_det": {
            "id": 9,
            "question_score": null,
            "status": null,
            "candidate": {
                "id": 9,
                "candidate_firstName": "Sneha",
                "candidate_lastName": "Desai",
                "candidateGender": "female",
                "candidateComment": "",
                "candidate_email": "sneha.desai@example.com"
            },
            "handled_by": {
                "id": 5,
                "last_login": null,
                "userEmail": "neha_hr@dataterrain.com",
                "username": "neha_hr",
                "firstName": "Neha",
                "lastName": "HR",
                "userRole": "hr_employee"
            },
            "job_id": {
                "id": 19,
                "jobRequest_Title": "QA Engineer",
                "jobRequest_Role": "quality engineer",
                "jobRequest_KeySkills": "Selenium, TestNG, Automation",
                "jobRequest_Description": "Experienced QA Engineer needed for test automation"
            }
        },
        "job_id": {
            "id": 19,
            "jobRequest_Title": "QA Engineer",
            "jobRequest_Role": "quality engineer",
            "jobRequest_KeySkills": "Selenium, TestNG, Automation",
            "jobRequest_Description": "Experienced QA Engineer needed for test automation"
        }
    },
    {
        "id": 10,
        "summary": "Product Manager Interview",
        "desc": "Final Round",
        "start": "2025-03-15T14:00:00+05:30",
        "end": "2025-03-15T15:00:00+05:30",
        "attendees": null,
        "status": null,
        "comment": null,
        "score": {
            "o": 8
        },
        "link": "https://meet.google.com/wxy-zab-cde",
        "user_det": {
            "id": 10,
            "question_score": null,
            "status": null,
            "candidate": {
                "id": 10,
                "candidate_firstName": "Karan",
                "candidate_lastName": "Malhotra",
                "candidateGender": "male",
                "candidateComment": "",
                "candidate_email": "karan.malhotra@example.com"
            },
            "handled_by": {
                "id": 3,
                "last_login": null,
                "userEmail": "priya_hr@dataterrain.com",
                "username": "priya_hr",
                "firstName": "Priya",
                "lastName": "HR",
                "userRole": "hr_employee"
            },
            "job_id": {
                "id": 20,
                "jobRequest_Title": "Product Manager",
                "jobRequest_Role": "management",
                "jobRequest_KeySkills": "Product Management, Agile, Roadmapping",
                "jobRequest_Description": "Experienced Product Manager needed for software product team"
            }
        },
        "job_id": {
            "id": 20,
            "jobRequest_Title": "Product Manager",
            "jobRequest_Role": "management",
            "jobRequest_KeySkills": "Product Management, Agile, Roadmapping",
            "jobRequest_Description": "Experienced Product Manager needed for software product team"
        }
    },
    {
        "id": 11,
        "summary": "Java Developer Interview",
        "desc": "Technical Round",
        "start": "2025-03-20T11:00:00+05:30",
        "end": "2025-03-20T12:00:00+05:30",
        "attendees": null,
        "status": null,
        "comment": null,
        "score": {
            "P": 8
        },
        "link": "https://meet.google.com/fgh-ijk-lmn",
        "user_det": {
            "id": 11,
            "question_score": null,
            "status": null,
            "candidate": {
                "id": 11,
                "candidate_firstName": "Ravi",
                "candidate_lastName": "Teja",
                "candidateGender": "male",
                "candidateComment": "",
                "candidate_email": "ravi.teja@example.com"
            },
            "handled_by": {
                "id": 4,
                "last_login": null,
                "userEmail": "amit_hr@dataterrain.com",
                "username": "amit_hr",
                "firstName": "Amit",
                "lastName": "HR",
                "userRole": "hr_employee"
            },
            "job_id": {
                "id": 21,
                "jobRequest_Title": "Java Developer",
                "jobRequest_Role": "software engineer",
                "jobRequest_KeySkills": "Java, Spring Boot, Hibernate",
                "jobRequest_Description": "Experienced Java developer needed for enterprise applications"
            }
        },
        "job_id": {
            "id": 21,
            "jobRequest_Title": "Java Developer",
            "jobRequest_Role": "software engineer",
            "jobRequest_KeySkills": "Java, Spring Boot, Hibernate",
            "jobRequest_Description": "Experienced Java developer needed for enterprise applications"
        }
    },
    {
        "id": 12,
        "summary": "Mobile App Developer Interview",
        "desc": "Technical Assessment",
        "start": "2025-03-25T15:30:00+05:30",
        "end": "2025-03-25T16:30:00+05:30",
        "attendees": null,
        "status": null,
        "comment": null,
        "score": {
            "p": 7
        },
        "link": "https://meet.google.com/opq-rst-uvw",
        "user_det": {
            "id": 12,
            "question_score": null,
            "status": null,
            "candidate": {
                "id": 12,
                "candidate_firstName": "Divya",
                "candidate_lastName": "Sharma",
                "candidateGender": "female",
                "candidateComment": "",
                "candidate_email": "divya.sharma@example.com"
            },
            "handled_by": {
                "id": 5,
                "last_login": null,
                "userEmail": "neha_hr@dataterrain.com",
                "username": "neha_hr",
                "firstName": "Neha",
                "lastName": "HR",
                "userRole": "hr_employee"
            },
            "job_id": {
                "id": 22,
                "jobRequest_Title": "Mobile App Developer",
                "jobRequest_Role": "software engineer",
                "jobRequest_KeySkills": "React Native, Flutter, Mobile Development",
                "jobRequest_Description": "Experienced Mobile App developer needed for cross-platform development"
            }
        },
        "job_id": {
            "id": 22,
            "jobRequest_Title": "Mobile App Developer",
            "jobRequest_Role": "software engineer",
            "jobRequest_KeySkills": "React Native, Flutter, Mobile Development",
            "jobRequest_Description": "Experienced Mobile App developer needed for cross-platform development"
        }
    },
    {
        "id": 13,
        "summary": "Python Developer Interview",
        "desc": "Technical Assessment",
        "start": "2025-03-10T10:00:00+05:30",
        "end": "2025-03-10T11:00:00+05:30",
        "attendees": null,
        "status": null,
        "comment": null,
        "score": {
            "P": 8
        },
        "link": "https://meet.google.com/abc-defg-hij",
        "user_det": {
            "id": 13,
            "question_score": null,
            "status": null,
            "candidate": {
                "id": 13,
                "candidate_firstName": "Suresh",
                "candidate_lastName": "Kumar",
                "candidateGender": "male",
                "candidateComment": "",
                "candidate_email": "suresh.kumar@example.com"
            },
            "handled_by": {
                "id": 3,
                "last_login": null,
                "userEmail": "priya_hr@dataterrain.com",
                "username": "priya_hr",
                "firstName": "Priya",
                "lastName": "HR",
                "userRole": "hr_employee"
            },
            "job_id": {
                "id": 12,
                "jobRequest_Title": "Python developer",
                "jobRequest_Role": "software engineer",
                "jobRequest_KeySkills": "Python, Flask, Django",
                "jobRequest_Description": "Experienced Python developer needed for backend development"
            }
        },
        "job_id": {
            "id": 12,
            "jobRequest_Title": "Python developer",
            "jobRequest_Role": "software engineer",
            "jobRequest_KeySkills": "Python, Flask, Django",
            "jobRequest_Description": "Experienced Python developer needed for backend development"
        }
    },
    {
        "id": 14,
        "summary": "Django Developer Interview",
        "desc": "Technical Round",
        "start": "2025-03-10T10:00:00+05:30",
        "end": "2025-03-10T11:00:00+05:30",
        "attendees": null,
        "status": null,
        "comment": null,
        "score": {
            "p": 7
        },
        "link": "https://meet.google.com/jkl-mnop-qrs",
        "user_det": {
            "id": 14,
            "question_score": null,
            "status": null,
            "candidate": {
                "id": 14,
                "candidate_firstName": "Ramesh",
                "candidate_lastName": "Patel",
                "candidateGender": "male",
                "candidateComment": "",
                "candidate_email": "ramesh.patel@example.com"
            },
            "handled_by": {
                "id": 4,
                "last_login": null,
                "userEmail": "amit_hr@dataterrain.com",
                "username": "amit_hr",
                "firstName": "Amit",
                "lastName": "HR",
                "userRole": "hr_employee"
            },
            "job_id": {
                "id": 11,
                "jobRequest_Title": "django developer",
                "jobRequest_Role": "software engineer",
                "jobRequest_KeySkills": "django",
                "jobRequest_Description": "Experienced Django developer needed for web application development"
            }
        },
        "job_id": {
            "id": 11,
            "jobRequest_Title": "django developer",
            "jobRequest_Role": "software engineer",
            "jobRequest_KeySkills": "django",
            "jobRequest_Description": "Experienced Django developer needed for web application development"
        }
    },
    {
        "id": 15,
        "summary": "React Developer Interview",
        "desc": "Final Round",
        "start": "2025-03-10T10:00:00+05:30",
        "end": "2025-03-10T11:00:00+05:30",
        "attendees": null,
        "status": null,
        "comment": null,
        "score": {
            "o": 9
        },
        "link": "https://meet.google.com/tuv-wxyz-123",
        "user_det": {
            "id": 15,
            "question_score": null,
            "status": null,
            "candidate": {
                "id": 15,
                "candidate_firstName": "Sanjay",
                "candidate_lastName": "Singh",
                "candidateGender": "male",
                "candidateComment": "",
                "candidate_email": "sanjay.singh@example.com"
            },
            "handled_by": {
                "id": 5,
                "last_login": null,
                "userEmail": "neha_hr@dataterrain.com",
                "username": "neha_hr",
                "firstName": "Neha",
                "lastName": "HR",
                "userRole": "hr_employee"
            },
            "job_id": {
                "id": 13,
                "jobRequest_Title": "React developer",
                "jobRequest_Role": "frontend engineer",
                "jobRequest_KeySkills": "React, JavaScript, CSS",
                "jobRequest_Description": "Experienced React developer needed for frontend development"
            }
        },
        "job_id": {
            "id": 13,
            "jobRequest_Title": "React developer",
            "jobRequest_Role": "frontend engineer",
            "jobRequest_KeySkills": "React, JavaScript, CSS",
            "jobRequest_Description": "Experienced React developer needed for frontend development"
        }
    },
    {
        "id": 16,
        "summary": "Node.js Developer Interview",
        "desc": "Technical Round",
        "start": "2025-03-10T14:00:00+05:30",
        "end": "2025-03-10T15:00:00+05:30",
        "attendees": null,
        "status": null,
        "comment": null,
        "score": {
            "P": 7
        },
        "link": "https://meet.google.com/456-789-abc",
        "user_det": {
            "id": 16,
            "question_score": null,
            "status": null,
            "candidate": {
                "id": 16,
                "candidate_firstName": "Mohan",
                "candidate_lastName": "Kumar",
                "candidateGender": "male",
                "candidateComment": "",
                "candidate_email": "mohan.kumar@example.com"
            },
            "handled_by": {
                "id": 3,
                "last_login": null,
                "userEmail": "priya_hr@dataterrain.com",
                "username": "priya_hr",
                "firstName": "Priya",
                "lastName": "HR",
                "userRole": "hr_employee"
            },
            "job_id": {
                "id": 14,
                "jobRequest_Title": "Node.js developer",
                "jobRequest_Role": "backend engineer",
                "jobRequest_KeySkills": "Node.js, Express, MongoDB",
                "jobRequest_Description": "Experienced Node.js developer needed for backend development"
            }
        },
        "job_id": {
            "id": 14,
            "jobRequest_Title": "Node.js developer",
            "jobRequest_Role": "backend engineer",
            "jobRequest_KeySkills": "Node.js, Express, MongoDB",
            "jobRequest_Description": "Experienced Node.js developer needed for backend development"
        }
    }
]
