{
    "id": 1,
    "summary": "Python Developer Interview",
    "desc": "Technical Assessment",
    "start": "2025-03-07T10:00:00+05:30",
    "end": "2025-03-07T11:00:00+05:30",
    "attendees": null,
    "status": null,
    "comment": null,
    "score": {
        "P": 8
    },
    "link": "https://meet.google.com/abc-defg-hij",
    "user_det": {
        "id": 1,
        "question_score": null,
        "status": null,
        "candidate": {
            "id": 1,
            "candidate_firstName": "Rahul",
            "candidate_lastName": "Sharma",
            "candidateGender": "male",
            "candidateComment": "",
            "candidate_email": "rahul.sharma@example.com"
        },
        "handled_by": {
            "id": 3,
            "last_login": null,
            "userEmail": "priya_hr@dataterrain.com",
            "username": "priya_hr",
            "firstName": "Priya",
            "lastName": "HR",
            "userRole": "hr_employee"
        },
        "job_id": {
            "id": 12,
            "jobRequest_Title": "Python developer",
            "jobRequest_Role": "software engineer",
            "jobRequest_KeySkills": "Python, Flask, Django",
            "jobRequest_Description": "Experienced Python developer needed for backend development"
        }
    },
    "job_id": {
        "id": 12,
        "jobRequest_Title": "Python developer",
        "jobRequest_Role": "software engineer",
        "jobRequest_KeySkills": "Python, Flask, Django",
        "jobRequest_Description": "Experienced Python developer needed for backend development"
    }
}
